{
    "name": "root",
    "gauges": {
        "Assembly.Policy.Entropy.mean": {
            "value": 1.0051276683807373,
            "min": 1.0051276683807373,
            "max": 1.4189382791519165,
            "count": 84
        },
        "Assembly.Policy.Entropy.sum": {
            "value": 10050.271484375,
            "min": 10050.271484375,
            "max": 14352.560546875,
            "count": 84
        },
        "Assembly.Step.mean": {
            "value": 839963.0,
            "min": 9992.0,
            "max": 839963.0,
            "count": 84
        },
        "Assembly.Step.sum": {
            "value": 839963.0,
            "min": 9992.0,
            "max": 839963.0,
            "count": 84
        },
        "Assembly.Policy.ExtrinsicValueEstimate.mean": {
            "value": -32.654972076416016,
            "min": -50.26596450805664,
            "max": -0.37867894768714905,
            "count": 84
        },
        "Assembly.Policy.ExtrinsicValueEstimate.sum": {
            "value": -5159.4853515625,
            "min": -7942.0224609375,
            "max": -59.83127212524414,
            "count": 84
        },
        "Assembly.Policy.GailValueEstimate.mean": {
            "value": 1.9741824865341187,
            "min": -0.552183985710144,
            "max": 26.955381393432617,
            "count": 84
        },
        "Assembly.Policy.GailValueEstimate.sum": {
            "value": 311.92083740234375,
            "min": -87.24507141113281,
            "max": 4258.9501953125,
            "count": 84
        },
        "Assembly.Environment.EpisodeLength.mean": {
            "value": 4998.5,
            "min": 1971.6666666666667,
            "max": 4999.0,
            "count": 84
        },
        "Assembly.Environment.EpisodeLength.sum": {
            "value": 9997.0,
            "min": 4999.0,
            "max": 14610.0,
            "count": 84
        },
        "Assembly.Environment.CumulativeReward.mean": {
            "value": -2074.699949145317,
            "min": -4948.799998283386,
            "max": -950.1999804079533,
            "count": 84
        },
        "Assembly.Environment.CumulativeReward.sum": {
            "value": -4149.399898290634,
            "min": -14400.599996566772,
            "max": -2400.599951982498,
            "count": 84
        },
        "Assembly.Policy.ExtrinsicReward.mean": {
            "value": -2074.699949145317,
            "min": -4948.799998283386,
            "max": -950.1999804079533,
            "count": 84
        },
        "Assembly.Policy.ExtrinsicReward.sum": {
            "value": -4149.399898290634,
            "min": -14400.599996566772,
            "max": -2400.599951982498,
            "count": 84
        },
        "Assembly.Policy.GailReward.mean": {
            "value": 99.40363441054251,
            "min": 0.02663006766874787,
            "max": 4478.1371059417725,
            "count": 84
        },
        "Assembly.Policy.GailReward.sum": {
            "value": 198.80726882108502,
            "min": 0.05326013533749574,
            "max": 8956.274211883545,
            "count": 84
        },
        "Assembly.IsTraining.mean": {
            "value": 1.0,
            "min": 1.0,
            "max": 1.0,
            "count": 84
        },
        "Assembly.IsTraining.sum": {
            "value": 1.0,
            "min": 1.0,
            "max": 1.0,
            "count": 84
        },
        "Assembly.Losses.PolicyLoss.mean": {
            "value": 0.18379000596247091,
            "min": 0.18379000596247091,
            "max": 0.269409317456718,
            "count": 20
        },
        "Assembly.Losses.PolicyLoss.sum": {
            "value": 0.18379000596247091,
            "min": 0.18379000596247091,
            "max": 0.269409317456718,
            "count": 20
        },
        "Assembly.Losses.ValueLoss.mean": {
            "value": 2.1522181183099747,
            "min": 2.1522181183099747,
            "max": 25.406206095431532,
            "count": 20
        },
        "Assembly.Losses.ValueLoss.sum": {
            "value": 2.1522181183099747,
            "min": 2.1522181183099747,
            "max": 25.406206095431532,
            "count": 20
        },
        "Assembly.Policy.LearningRate.mean": {
            "value": 0.0002652236687349714,
            "min": 0.0002652236687349714,
            "max": 0.0002982586291518856,
            "count": 20
        },
        "Assembly.Policy.LearningRate.sum": {
            "value": 0.0002652236687349714,
            "min": 0.0002652236687349714,
            "max": 0.0002982586291518856,
            "count": 20
        },
        "Assembly.Policy.Epsilon.mean": {
            "value": 0.1884078857142857,
            "min": 0.1884078857142857,
            "max": 0.19941954285714283,
            "count": 20
        },
        "Assembly.Policy.Epsilon.sum": {
            "value": 0.1884078857142857,
            "min": 0.1884078857142857,
            "max": 0.19941954285714283,
            "count": 20
        },
        "Assembly.Policy.Beta.mean": {
            "value": 0.008841947782857143,
            "min": 0.008841947782857143,
            "max": 0.009942012331428574,
            "count": 20
        },
        "Assembly.Policy.Beta.sum": {
            "value": 0.008841947782857143,
            "min": 0.008841947782857143,
            "max": 0.009942012331428574,
            "count": 20
        },
        "Assembly.Policy.GAILPolicyEstimate.mean": {
            "value": 0.0014679544013119993,
            "min": 0.0014679544013119993,
            "max": 0.18632027944549917,
            "count": 20
        },
        "Assembly.Policy.GAILPolicyEstimate.sum": {
            "value": 0.0014679544013119993,
            "min": 0.0014679544013119993,
            "max": 0.18632027944549917,
            "count": 20
        },
        "Assembly.Policy.GAILExpertEstimate.mean": {
            "value": 0.998760536313057,
            "min": 0.8744894142661775,
            "max": 0.998760536313057,
            "count": 20
        },
        "Assembly.Policy.GAILExpertEstimate.sum": {
            "value": 0.998760536313057,
            "min": 0.8744894142661775,
            "max": 0.998760536313057,
            "count": 20
        },
        "Assembly.Losses.GAILLoss.mean": {
            "value": 0.0029017637725961064,
            "min": 0.0029017637725961064,
            "max": 0.3774529432345714,
            "count": 20
        },
        "Assembly.Losses.GAILLoss.sum": {
            "value": 0.0029017637725961064,
            "min": 0.0029017637725961064,
            "max": 0.3774529432345714,
            "count": 20
        },
        "Assembly.Policy.GAILGradMagLoss.mean": {
            "value": 0.010972839560833694,
            "min": 0.005898386870103423,
            "max": 0.8881716371380857,
            "count": 20
        },
        "Assembly.Policy.GAILGradMagLoss.sum": {
            "value": 0.010972839560833694,
            "min": 0.005898386870103423,
            "max": 0.8881716371380857,
            "count": 20
        },
        "Assembly.Losses.PretrainingLoss.mean": {
            "value": 0.0,
            "min": 0.0,
            "max": 1.1033799610076807,
            "count": 20
        },
        "Assembly.Losses.PretrainingLoss.sum": {
            "value": 0.0,
            "min": 0.0,
            "max": 1.1033799610076807,
            "count": 20
        }
    },
    "metadata": {
        "timer_format_version": "0.1.0",
        "start_time_seconds": "1685526926",
        "python_version": "3.9.16 (main, Mar  8 2023, 10:39:24) [MSC v.1916 64 bit (AMD64)]",